-- 게시판 카테고리
INSERT INTO TB_BOARD_CATEGORY (BOARD_CATEGORY_NO)
    VALUES (
        (SELECT nvl(max(BOARD_CATEGORY_NO),0)+1 from TB_BOARD_CATEGORY)
    );

INSERT INTO TB_BOARD_CATEGORY (BOARD_CATEGORY_NO)
    VALUES (
        (SELECT nvl(max(BOARD_CATEGORY_NO),0)+1 from TB_BOARD_CATEGORY)
    );
commit;
--회원 테이블 1~10 관리자 11~20 일반 회원
INSERT INTO TB_MEMBER (MEMBER_NO, MEMBER_ID, MEMBER_PASSWORD, MEMBER_NICKNAME, MEMBER_EMAIL, MEMBER_NAME,
    MEMBER_PHONE, MEMBER_GENDER, MEMBER_AGE, MEMBER_HEIGHT, MEMBER_WEIGHT, MEMBER_PURPOSE, MEMBER_CONCERN, MEMBER_TRAINER, MEMBER_ABSENCE, MEMBER_JOIN_DATE) VALUES(
    (SELECT nvl(max(member_no),0)+1 from tb_member), 'admin1', '1234', 'Admin1', 'admin1@gmail.com', '관리자', '010-0000-0000', 'M', 0, 
    0, 0, 0, 0, DEFAULT, DEFAULT, DEFAULT);

INSERT INTO TB_MEMBER (MEMBER_NO, MEMBER_ID, MEMBER_PASSWORD, MEMBER_NICKNAME, MEMBER_EMAIL, MEMBER_NAME,
    MEMBER_PHONE, MEMBER_GENDER, MEMBER_AGE, MEMBER_HEIGHT, MEMBER_WEIGHT, MEMBER_PURPOSE, MEMBER_CONCERN, MEMBER_TRAINER, MEMBER_ABSENCE, MEMBER_JOIN_DATE) VALUES(
    (SELECT nvl(max(member_no),0)+1 from tb_member), 'admin2', '1234', 'Admin2', 'admin2@gmail.com', '관리자', '010-0000-0000', 'M', 0, 
    0, 0, 0, 0, DEFAULT, DEFAULT, DEFAULT);
    
INSERT INTO TB_MEMBER (MEMBER_NO, MEMBER_ID, MEMBER_PASSWORD, MEMBER_NICKNAME, MEMBER_EMAIL, MEMBER_NAME,
    MEMBER_PHONE, MEMBER_GENDER, MEMBER_AGE, MEMBER_HEIGHT, MEMBER_WEIGHT, MEMBER_PURPOSE, MEMBER_CONCERN, MEMBER_TRAINER, MEMBER_ABSENCE, MEMBER_JOIN_DATE) VALUES(
    (SELECT nvl(max(member_no),0)+1 from tb_member), 'admin3', '1234', 'Admin3', 'admin3@gmail.com', '관리자', '010-0000-0000', 'M', 0, 
    0, 0, 0, 0, DEFAULT, DEFAULT, DEFAULT);

INSERT INTO TB_MEMBER (MEMBER_NO, MEMBER_ID, MEMBER_PASSWORD, MEMBER_NICKNAME, MEMBER_EMAIL, MEMBER_NAME,
    MEMBER_PHONE, MEMBER_GENDER, MEMBER_AGE, MEMBER_HEIGHT, MEMBER_WEIGHT, MEMBER_PURPOSE, MEMBER_CONCERN, MEMBER_TRAINER, MEMBER_ABSENCE, MEMBER_JOIN_DATE) VALUES(
    (SELECT nvl(max(member_no),0)+1 from tb_member), 'admin4', '1234', 'Admin4', 'admin4@gmail.com', '관리자', '010-0000-0000', 'M', 0, 
    0, 0, 0, 0, DEFAULT, DEFAULT, DEFAULT);

INSERT INTO TB_MEMBER (MEMBER_NO, MEMBER_ID, MEMBER_PASSWORD, MEMBER_NICKNAME, MEMBER_EMAIL, MEMBER_NAME,
    MEMBER_PHONE, MEMBER_GENDER, MEMBER_AGE, MEMBER_HEIGHT, MEMBER_WEIGHT, MEMBER_PURPOSE, MEMBER_CONCERN, MEMBER_TRAINER, MEMBER_ABSENCE, MEMBER_JOIN_DATE) VALUES(
    (SELECT nvl(max(member_no),0)+1 from tb_member), 'admin5', '1234', 'Admin5', 'admin5@gmail.com', '관리자', '010-0000-0000', 'M', 0, 
    0, 0, 0, 0, DEFAULT, DEFAULT, DEFAULT);

INSERT INTO TB_MEMBER (MEMBER_NO, MEMBER_ID, MEMBER_PASSWORD, MEMBER_NICKNAME, MEMBER_EMAIL, MEMBER_NAME,
    MEMBER_PHONE, MEMBER_GENDER, MEMBER_AGE, MEMBER_HEIGHT, MEMBER_WEIGHT, MEMBER_PURPOSE, MEMBER_CONCERN, MEMBER_TRAINER, MEMBER_ABSENCE, MEMBER_JOIN_DATE) VALUES(
    (SELECT nvl(max(member_no),0)+1 from tb_member), 'admin6', '1234', 'Admin6', 'admin6@gmail.com', '관리자', '010-0000-0000', 'M', 0, 
    0, 0, 0, 0, DEFAULT, DEFAULT, DEFAULT);

INSERT INTO TB_MEMBER (MEMBER_NO, MEMBER_ID, MEMBER_PASSWORD, MEMBER_NICKNAME, MEMBER_EMAIL, MEMBER_NAME,
    MEMBER_PHONE, MEMBER_GENDER, MEMBER_AGE, MEMBER_HEIGHT, MEMBER_WEIGHT, MEMBER_PURPOSE, MEMBER_CONCERN, MEMBER_TRAINER, MEMBER_ABSENCE, MEMBER_JOIN_DATE) VALUES(
    (SELECT nvl(max(member_no),0)+1 from tb_member), 'admin7', '1234', 'Admin7', 'admin7@gmail.com', '관리자', '010-0000-0000', 'M', 0, 
    0, 0, 0, 0, DEFAULT, DEFAULT, DEFAULT);
    
INSERT INTO TB_MEMBER (MEMBER_NO, MEMBER_ID, MEMBER_PASSWORD, MEMBER_NICKNAME, MEMBER_EMAIL, MEMBER_NAME,
    MEMBER_PHONE, MEMBER_GENDER, MEMBER_AGE, MEMBER_HEIGHT, MEMBER_WEIGHT, MEMBER_PURPOSE, MEMBER_CONCERN, MEMBER_TRAINER, MEMBER_ABSENCE, MEMBER_JOIN_DATE) VALUES(
    (SELECT nvl(max(member_no),0)+1 from tb_member), 'admin8', '1234', 'Admin8', 'admin8@gmail.com', '관리자', '010-0000-0000', 'M', 0, 
    0, 0, 0, 0, DEFAULT, DEFAULT, DEFAULT);

INSERT INTO TB_MEMBER (MEMBER_NO, MEMBER_ID, MEMBER_PASSWORD, MEMBER_NICKNAME, MEMBER_EMAIL, MEMBER_NAME,
    MEMBER_PHONE, MEMBER_GENDER, MEMBER_AGE, MEMBER_HEIGHT, MEMBER_WEIGHT, MEMBER_PURPOSE, MEMBER_CONCERN, MEMBER_TRAINER, MEMBER_ABSENCE, MEMBER_JOIN_DATE) VALUES(
    (SELECT nvl(max(member_no),0)+1 from tb_member), 'admin9', '1234', 'Admin9', 'admin9@gmail.com', '관리자', '010-0000-0000', 'M', 0, 
    0, 0, 0, 0, DEFAULT, DEFAULT, DEFAULT);

INSERT INTO TB_MEMBER (MEMBER_NO, MEMBER_ID, MEMBER_PASSWORD, MEMBER_NICKNAME, MEMBER_EMAIL, MEMBER_NAME,
    MEMBER_PHONE, MEMBER_GENDER, MEMBER_AGE, MEMBER_HEIGHT, MEMBER_WEIGHT, MEMBER_PURPOSE, MEMBER_CONCERN, MEMBER_TRAINER, MEMBER_ABSENCE, MEMBER_JOIN_DATE) VALUES(
    (SELECT nvl(max(member_no),0)+1 from tb_member), 'admin10', '1234', 'Admin10', 'admin10@gmail.com', '관리자', '010-0000-0000', 'M', 0, 
    0, 0, 0, 0, DEFAULT, DEFAULT, DEFAULT);
commit;
INSERT INTO TB_MEMBER (MEMBER_NO, MEMBER_ID, MEMBER_PASSWORD, MEMBER_NICKNAME, MEMBER_EMAIL, MEMBER_NAME,
    MEMBER_PHONE, MEMBER_GENDER, MEMBER_AGE, MEMBER_HEIGHT, MEMBER_WEIGHT, MEMBER_PURPOSE, MEMBER_CONCERN, MEMBER_TRAINER, MEMBER_ABSENCE, MEMBER_JOIN_DATE) VALUES(
    (SELECT nvl(max(member_no),0)+1 from tb_member), 'user1', '1234', '서유빈', 'user1@gmail.com', '서유빈', '010-0000-0000', 'F', 0, 
    0, 0, 0, 0, DEFAULT, DEFAULT, DEFAULT);
    
INSERT INTO TB_MEMBER (MEMBER_NO, MEMBER_ID, MEMBER_PASSWORD, MEMBER_NICKNAME, MEMBER_EMAIL, MEMBER_NAME,
    MEMBER_PHONE, MEMBER_GENDER, MEMBER_AGE, MEMBER_HEIGHT, MEMBER_WEIGHT, MEMBER_PURPOSE, MEMBER_CONCERN, MEMBER_TRAINER, MEMBER_ABSENCE, MEMBER_JOIN_DATE) VALUES(
    (SELECT nvl(max(member_no),0)+1 from tb_member), 'user2', '1234', '민승택', 'user2@gmail.com', '민승택', '010-0000-0000', 'M', 0, 
    0, 0, 0, 0, DEFAULT, DEFAULT, DEFAULT);    
    
INSERT INTO TB_MEMBER (MEMBER_NO, MEMBER_ID, MEMBER_PASSWORD, MEMBER_NICKNAME, MEMBER_EMAIL, MEMBER_NAME,
    MEMBER_PHONE, MEMBER_GENDER, MEMBER_AGE, MEMBER_HEIGHT, MEMBER_WEIGHT, MEMBER_PURPOSE, MEMBER_CONCERN, MEMBER_TRAINER, MEMBER_ABSENCE, MEMBER_JOIN_DATE) VALUES(
    (SELECT nvl(max(member_no),0)+1 from tb_member), 'user3', '1234', '이진정', 'user3@gmail.com', '이진정', '010-0000-0000', 'F', 0, 
    0, 0, 0, 0, DEFAULT, DEFAULT, DEFAULT);
    
INSERT INTO TB_MEMBER (MEMBER_NO, MEMBER_ID, MEMBER_PASSWORD, MEMBER_NICKNAME, MEMBER_EMAIL, MEMBER_NAME,
    MEMBER_PHONE, MEMBER_GENDER, MEMBER_AGE, MEMBER_HEIGHT, MEMBER_WEIGHT, MEMBER_PURPOSE, MEMBER_CONCERN, MEMBER_TRAINER, MEMBER_ABSENCE, MEMBER_JOIN_DATE) VALUES(
    (SELECT nvl(max(member_no),0)+1 from tb_member), 'user4', '1234', '박재민', 'user4@gmail.com', '박재민', '010-0000-0000', 'M', 0, 
    0, 0, 0, 0, DEFAULT, DEFAULT, DEFAULT);

INSERT INTO TB_MEMBER (MEMBER_NO, MEMBER_ID, MEMBER_PASSWORD, MEMBER_NICKNAME, MEMBER_EMAIL, MEMBER_NAME,
    MEMBER_PHONE, MEMBER_GENDER, MEMBER_AGE, MEMBER_HEIGHT, MEMBER_WEIGHT, MEMBER_PURPOSE, MEMBER_CONCERN, MEMBER_TRAINER, MEMBER_ABSENCE, MEMBER_JOIN_DATE) VALUES(
    (SELECT nvl(max(member_no),0)+1 from tb_member), 'user5', '1234', '유저5', 'user5@gmail.com', '아무개', '010-0000-0000', 'M', 0, 
    0, 0, 0, 0, DEFAULT, DEFAULT, DEFAULT);  
    
INSERT INTO TB_MEMBER (MEMBER_NO, MEMBER_ID, MEMBER_PASSWORD, MEMBER_NICKNAME, MEMBER_EMAIL, MEMBER_NAME,
    MEMBER_PHONE, MEMBER_GENDER, MEMBER_AGE, MEMBER_HEIGHT, MEMBER_WEIGHT, MEMBER_PURPOSE, MEMBER_CONCERN, MEMBER_TRAINER, MEMBER_ABSENCE, MEMBER_JOIN_DATE) VALUES(
    (SELECT nvl(max(member_no),0)+1 from tb_member), 'user6', '1234', '유저6', 'user6@gmail.com', '아무개', '010-0000-0000', 'M', 0, 
    0, 0, 0, 0, DEFAULT, DEFAULT, DEFAULT);     

INSERT INTO TB_MEMBER (MEMBER_NO, MEMBER_ID, MEMBER_PASSWORD, MEMBER_NICKNAME, MEMBER_EMAIL, MEMBER_NAME,
    MEMBER_PHONE, MEMBER_GENDER, MEMBER_AGE, MEMBER_HEIGHT, MEMBER_WEIGHT, MEMBER_PURPOSE, MEMBER_CONCERN, MEMBER_TRAINER, MEMBER_ABSENCE, MEMBER_JOIN_DATE) VALUES(
    (SELECT nvl(max(member_no),0)+1 from tb_member), 'user7', '1234', '유저7', 'user7@gmail.com', '아무개', '010-0000-0000', 'M', 0, 
    0, 0, 0, 0, DEFAULT, DEFAULT, DEFAULT);  
    
INSERT INTO TB_MEMBER (MEMBER_NO, MEMBER_ID, MEMBER_PASSWORD, MEMBER_NICKNAME, MEMBER_EMAIL, MEMBER_NAME,
    MEMBER_PHONE, MEMBER_GENDER, MEMBER_AGE, MEMBER_HEIGHT, MEMBER_WEIGHT, MEMBER_PURPOSE, MEMBER_CONCERN, MEMBER_TRAINER, MEMBER_ABSENCE, MEMBER_JOIN_DATE) VALUES(
    (SELECT nvl(max(member_no),0)+1 from tb_member), 'user8', '1234', '유저8', 'user8@gmail.com', '아무개', '010-0000-0000', 'M', 0, 
    0, 0, 0, 0, DEFAULT, DEFAULT, DEFAULT);  

INSERT INTO TB_MEMBER (MEMBER_NO, MEMBER_ID, MEMBER_PASSWORD, MEMBER_NICKNAME, MEMBER_EMAIL, MEMBER_NAME,
    MEMBER_PHONE, MEMBER_GENDER, MEMBER_AGE, MEMBER_HEIGHT, MEMBER_WEIGHT, MEMBER_PURPOSE, MEMBER_CONCERN, MEMBER_TRAINER, MEMBER_ABSENCE, MEMBER_JOIN_DATE) VALUES(
    (SELECT nvl(max(member_no),0)+1 from tb_member), 'user9', '1234', '유저9', 'user9@gmail.com', '아무개', '010-0000-0000', 'M', 0, 
    0, 0, 0, 0, DEFAULT, DEFAULT, DEFAULT);  
    
INSERT INTO TB_MEMBER (MEMBER_NO, MEMBER_ID, MEMBER_PASSWORD, MEMBER_NICKNAME, MEMBER_EMAIL, MEMBER_NAME,
    MEMBER_PHONE, MEMBER_GENDER, MEMBER_AGE, MEMBER_HEIGHT, MEMBER_WEIGHT, MEMBER_PURPOSE, MEMBER_CONCERN, MEMBER_TRAINER, MEMBER_ABSENCE, MEMBER_JOIN_DATE) VALUES(
    (SELECT nvl(max(member_no),0)+1 from tb_member), 'user10', '1234', '유저10', 'user10@gmail.com', '아무개', '010-0000-0000', 'M', 0, 
    0, 0, 0, 0, DEFAULT, DEFAULT, DEFAULT);  
commit;    
INSERT INTO TB_MEMBER (MEMBER_NO, MEMBER_ID, MEMBER_PASSWORD, MEMBER_NICKNAME, MEMBER_EMAIL, MEMBER_NAME,
    MEMBER_PHONE, MEMBER_GENDER, MEMBER_AGE, MEMBER_HEIGHT, MEMBER_WEIGHT, MEMBER_PURPOSE, MEMBER_CONCERN, MEMBER_TRAINER, MEMBER_ABSENCE, MEMBER_JOIN_DATE) VALUES(
    (SELECT nvl(max(member_no),0)+1 from tb_member), 'trainer1', '1234', '트레이너1', 'trainer1@gmail.com', '아무개', '010-0000-0000', 'M', 0, 
    0, 0, 0, 0, 'T', DEFAULT, DEFAULT);  
     
INSERT INTO TB_MEMBER (MEMBER_NO, MEMBER_ID, MEMBER_PASSWORD, MEMBER_NICKNAME, MEMBER_EMAIL, MEMBER_NAME,
    MEMBER_PHONE, MEMBER_GENDER, MEMBER_AGE, MEMBER_HEIGHT, MEMBER_WEIGHT, MEMBER_PURPOSE, MEMBER_CONCERN, MEMBER_TRAINER, MEMBER_ABSENCE, MEMBER_JOIN_DATE) VALUES(
    (SELECT nvl(max(member_no),0)+1 from tb_member), 'trainer2', '1234', '트레이너2', 'trainer2@gmail.com', '아무개', '010-0000-0000', 'M', 0, 
    0, 0, 0, 0, 'T', DEFAULT, DEFAULT);  

INSERT INTO TB_MEMBER (MEMBER_NO, MEMBER_ID, MEMBER_PASSWORD, MEMBER_NICKNAME, MEMBER_EMAIL, MEMBER_NAME,
    MEMBER_PHONE, MEMBER_GENDER, MEMBER_AGE, MEMBER_HEIGHT, MEMBER_WEIGHT, MEMBER_PURPOSE, MEMBER_CONCERN, MEMBER_TRAINER, MEMBER_ABSENCE, MEMBER_JOIN_DATE) VALUES(
    (SELECT nvl(max(member_no),0)+1 from tb_member), 'trainer3', '1234', '트레이너3', 'trainer3@gmail.com', '아무개', '010-0000-0000', 'M', 0, 
    0, 0, 0, 0, 'T', DEFAULT, DEFAULT);  
     
INSERT INTO TB_MEMBER (MEMBER_NO, MEMBER_ID, MEMBER_PASSWORD, MEMBER_NICKNAME, MEMBER_EMAIL, MEMBER_NAME,
    MEMBER_PHONE, MEMBER_GENDER, MEMBER_AGE, MEMBER_HEIGHT, MEMBER_WEIGHT, MEMBER_PURPOSE, MEMBER_CONCERN, MEMBER_TRAINER, MEMBER_ABSENCE, MEMBER_JOIN_DATE) VALUES(
    (SELECT nvl(max(member_no),0)+1 from tb_member), 'trainer4', '1234', '트레이너4', 'trainer4@gmail.com', '아무개', '010-0000-0000', 'M', 0, 
    0, 0, 0, 0, 'T', DEFAULT, DEFAULT);

INSERT INTO TB_MEMBER (MEMBER_NO, MEMBER_ID, MEMBER_PASSWORD, MEMBER_NICKNAME, MEMBER_EMAIL, MEMBER_NAME,
    MEMBER_PHONE, MEMBER_GENDER, MEMBER_AGE, MEMBER_HEIGHT, MEMBER_WEIGHT, MEMBER_PURPOSE, MEMBER_CONCERN, MEMBER_TRAINER, MEMBER_ABSENCE, MEMBER_JOIN_DATE) VALUES(
    (SELECT nvl(max(member_no),0)+1 from tb_member), 'trainer5', '1234', '트레이너5', 'trainer5@gmail.com', '아무개', '010-0000-0000', 'M', 0, 
    0, 0, 0, 0, 'T', DEFAULT, DEFAULT);  
     
INSERT INTO TB_MEMBER (MEMBER_NO, MEMBER_ID, MEMBER_PASSWORD, MEMBER_NICKNAME, MEMBER_EMAIL, MEMBER_NAME,
    MEMBER_PHONE, MEMBER_GENDER, MEMBER_AGE, MEMBER_HEIGHT, MEMBER_WEIGHT, MEMBER_PURPOSE, MEMBER_CONCERN, MEMBER_TRAINER, MEMBER_ABSENCE, MEMBER_JOIN_DATE) VALUES(
    (SELECT nvl(max(member_no),0)+1 from tb_member), 'trainer6', '1234', '트레이너6', 'trainer6@gmail.com', '아무개', '010-0000-0000', 'M', 0, 
    0, 0, 0, 0, 'T', DEFAULT, DEFAULT);  

INSERT INTO TB_MEMBER (MEMBER_NO, MEMBER_ID, MEMBER_PASSWORD, MEMBER_NICKNAME, MEMBER_EMAIL, MEMBER_NAME,
    MEMBER_PHONE, MEMBER_GENDER, MEMBER_AGE, MEMBER_HEIGHT, MEMBER_WEIGHT, MEMBER_PURPOSE, MEMBER_CONCERN, MEMBER_TRAINER, MEMBER_ABSENCE, MEMBER_JOIN_DATE) VALUES(
    (SELECT nvl(max(member_no),0)+1 from tb_member), 'trainer7', '1234', '트레이너7', 'trainer7@gmail.com', '아무개', '010-0000-0000', 'M', 0, 
    0, 0, 0, 0, 'T', DEFAULT, DEFAULT);  
     
INSERT INTO TB_MEMBER (MEMBER_NO, MEMBER_ID, MEMBER_PASSWORD, MEMBER_NICKNAME, MEMBER_EMAIL, MEMBER_NAME,
    MEMBER_PHONE, MEMBER_GENDER, MEMBER_AGE, MEMBER_HEIGHT, MEMBER_WEIGHT, MEMBER_PURPOSE, MEMBER_CONCERN, MEMBER_TRAINER, MEMBER_ABSENCE, MEMBER_JOIN_DATE) VALUES(
    (SELECT nvl(max(member_no),0)+1 from tb_member), 'trainer8', '1234', '트레이너8', 'trainer8@gmail.com', '아무개', '010-0000-0000', 'M', 0, 
    0, 0, 0, 0, 'T', DEFAULT, DEFAULT);

INSERT INTO TB_MEMBER (MEMBER_NO, MEMBER_ID, MEMBER_PASSWORD, MEMBER_NICKNAME, MEMBER_EMAIL, MEMBER_NAME,
    MEMBER_PHONE, MEMBER_GENDER, MEMBER_AGE, MEMBER_HEIGHT, MEMBER_WEIGHT, MEMBER_PURPOSE, MEMBER_CONCERN, MEMBER_TRAINER, MEMBER_ABSENCE, MEMBER_JOIN_DATE) VALUES(
    (SELECT nvl(max(member_no),0)+1 from tb_member), 'trainer9', '1234', '트레이너9', 'trainer9@gmail.com', '아무개', '010-0000-0000', 'M', 0, 
    0, 0, 0, 0, 'T', DEFAULT, DEFAULT);  
     
INSERT INTO TB_MEMBER (MEMBER_NO, MEMBER_ID, MEMBER_PASSWORD, MEMBER_NICKNAME, MEMBER_EMAIL, MEMBER_NAME,
    MEMBER_PHONE, MEMBER_GENDER, MEMBER_AGE, MEMBER_HEIGHT, MEMBER_WEIGHT, MEMBER_PURPOSE, MEMBER_CONCERN, MEMBER_TRAINER, MEMBER_ABSENCE, MEMBER_JOIN_DATE) VALUES(
    (SELECT nvl(max(member_no),0)+1 from tb_member), 'trainer10', '1234', '트레이너10', 'trainer10@gmail.com', '아무개', '010-0000-0000', 'M', 0, 
    0, 0, 0, 0, 'T', DEFAULT, DEFAULT);
commit;
INSERT INTO TB_MEMBER (MEMBER_NO, MEMBER_ID, MEMBER_PASSWORD, MEMBER_NICKNAME, MEMBER_EMAIL, MEMBER_NAME,
    MEMBER_PHONE, MEMBER_GENDER, MEMBER_AGE, MEMBER_HEIGHT, MEMBER_WEIGHT, MEMBER_PURPOSE, MEMBER_CONCERN, MEMBER_TRAINER, MEMBER_ABSENCE, MEMBER_JOIN_DATE) VALUES(
    (SELECT nvl(max(member_no),0)+1 from tb_member), 'trainerR1', '1234', '트레이너R1', 'trainerR1@gmail.com', '아무개', '010-0000-0000', 'M', 0, 
    0, 0, 0, 0, 'R', DEFAULT, DEFAULT);  
     
INSERT INTO TB_MEMBER (MEMBER_NO, MEMBER_ID, MEMBER_PASSWORD, MEMBER_NICKNAME, MEMBER_EMAIL, MEMBER_NAME,
    MEMBER_PHONE, MEMBER_GENDER, MEMBER_AGE, MEMBER_HEIGHT, MEMBER_WEIGHT, MEMBER_PURPOSE, MEMBER_CONCERN, MEMBER_TRAINER, MEMBER_ABSENCE, MEMBER_JOIN_DATE) VALUES(
    (SELECT nvl(max(member_no),0)+1 from tb_member), 'trainerR2', '1234', '트레이너R2', 'trainerR2@gmail.com', '아무개', '010-0000-0000', 'M', 0, 
    0, 0, 0, 0, 'R', DEFAULT, DEFAULT);  

INSERT INTO TB_MEMBER (MEMBER_NO, MEMBER_ID, MEMBER_PASSWORD, MEMBER_NICKNAME, MEMBER_EMAIL, MEMBER_NAME,
    MEMBER_PHONE, MEMBER_GENDER, MEMBER_AGE, MEMBER_HEIGHT, MEMBER_WEIGHT, MEMBER_PURPOSE, MEMBER_CONCERN, MEMBER_TRAINER, MEMBER_ABSENCE, MEMBER_JOIN_DATE) VALUES(
    (SELECT nvl(max(member_no),0)+1 from tb_member), 'trainerR3', '1234', '트레이너R3', 'trainerR3@gmail.com', '아무개', '010-0000-0000', 'M', 0, 
    0, 0, 0, 0, 'R', DEFAULT, DEFAULT);  
     
INSERT INTO TB_MEMBER (MEMBER_NO, MEMBER_ID, MEMBER_PASSWORD, MEMBER_NICKNAME, MEMBER_EMAIL, MEMBER_NAME,
    MEMBER_PHONE, MEMBER_GENDER, MEMBER_AGE, MEMBER_HEIGHT, MEMBER_WEIGHT, MEMBER_PURPOSE, MEMBER_CONCERN, MEMBER_TRAINER, MEMBER_ABSENCE, MEMBER_JOIN_DATE) VALUES(
    (SELECT nvl(max(member_no),0)+1 from tb_member), 'trainerR4', '1234', '트레이너R4', 'trainerR4@gmail.com', '아무개', '010-0000-0000', 'M', 0, 
    0, 0, 0, 0, 'R', DEFAULT, DEFAULT);

INSERT INTO TB_MEMBER (MEMBER_NO, MEMBER_ID, MEMBER_PASSWORD, MEMBER_NICKNAME, MEMBER_EMAIL, MEMBER_NAME,
    MEMBER_PHONE, MEMBER_GENDER, MEMBER_AGE, MEMBER_HEIGHT, MEMBER_WEIGHT, MEMBER_PURPOSE, MEMBER_CONCERN, MEMBER_TRAINER, MEMBER_ABSENCE, MEMBER_JOIN_DATE) VALUES(
    (SELECT nvl(max(member_no),0)+1 from tb_member), 'trainerR5', '1234', '트레이너R5', 'trainerR5@gmail.com', '아무개', '010-0000-0000', 'M', 0, 
    0, 0, 0, 0, 'R', DEFAULT, DEFAULT);  
     
INSERT INTO TB_MEMBER (MEMBER_NO, MEMBER_ID, MEMBER_PASSWORD, MEMBER_NICKNAME, MEMBER_EMAIL, MEMBER_NAME,
    MEMBER_PHONE, MEMBER_GENDER, MEMBER_AGE, MEMBER_HEIGHT, MEMBER_WEIGHT, MEMBER_PURPOSE, MEMBER_CONCERN, MEMBER_TRAINER, MEMBER_ABSENCE, MEMBER_JOIN_DATE) VALUES(
    (SELECT nvl(max(member_no),0)+1 from tb_member), 'trainerR6', '1234', '트레이너R6', 'trainerR6@gmail.com', '아무개', '010-0000-0000', 'M', 0, 
    0, 0, 0, 0, 'R', DEFAULT, DEFAULT);  

INSERT INTO TB_MEMBER (MEMBER_NO, MEMBER_ID, MEMBER_PASSWORD, MEMBER_NICKNAME, MEMBER_EMAIL, MEMBER_NAME,
    MEMBER_PHONE, MEMBER_GENDER, MEMBER_AGE, MEMBER_HEIGHT, MEMBER_WEIGHT, MEMBER_PURPOSE, MEMBER_CONCERN, MEMBER_TRAINER, MEMBER_ABSENCE, MEMBER_JOIN_DATE) VALUES(
    (SELECT nvl(max(member_no),0)+1 from tb_member), 'trainerR7', '1234', '트레이너R7', 'trainerR7@gmail.com', '아무개', '010-0000-0000', 'M', 0, 
    0, 0, 0, 0, 'R', DEFAULT, DEFAULT);  
     
INSERT INTO TB_MEMBER (MEMBER_NO, MEMBER_ID, MEMBER_PASSWORD, MEMBER_NICKNAME, MEMBER_EMAIL, MEMBER_NAME,
    MEMBER_PHONE, MEMBER_GENDER, MEMBER_AGE, MEMBER_HEIGHT, MEMBER_WEIGHT, MEMBER_PURPOSE, MEMBER_CONCERN, MEMBER_TRAINER, MEMBER_ABSENCE, MEMBER_JOIN_DATE) VALUES(
    (SELECT nvl(max(member_no),0)+1 from tb_member), 'trainerR8', '1234', '트레이너R8', 'trainerR8@gmail.com', '아무개', '010-0000-0000', 'M', 0, 
    0, 0, 0, 0, 'R', DEFAULT, DEFAULT);

INSERT INTO TB_MEMBER (MEMBER_NO, MEMBER_ID, MEMBER_PASSWORD, MEMBER_NICKNAME, MEMBER_EMAIL, MEMBER_NAME,
    MEMBER_PHONE, MEMBER_GENDER, MEMBER_AGE, MEMBER_HEIGHT, MEMBER_WEIGHT, MEMBER_PURPOSE, MEMBER_CONCERN, MEMBER_TRAINER, MEMBER_ABSENCE, MEMBER_JOIN_DATE) VALUES(
    (SELECT nvl(max(member_no),0)+1 from tb_member), 'trainerR9', '1234', '트레이너R9', 'trainerR9@gmail.com', '아무개', '010-0000-0000', 'M', 0, 
    0, 0, 0, 0, 'R', DEFAULT, DEFAULT);  
     
INSERT INTO TB_MEMBER (MEMBER_NO, MEMBER_ID, MEMBER_PASSWORD, MEMBER_NICKNAME, MEMBER_EMAIL, MEMBER_NAME,
    MEMBER_PHONE, MEMBER_GENDER, MEMBER_AGE, MEMBER_HEIGHT, MEMBER_WEIGHT, MEMBER_PURPOSE, MEMBER_CONCERN, MEMBER_TRAINER, MEMBER_ABSENCE, MEMBER_JOIN_DATE) VALUES(
    (SELECT nvl(max(member_no),0)+1 from tb_member), 'trainerR10', '1234', '트레이너R10', 'trainerR10@gmail.com', '아무개', '010-0000-0000', 'M', 0, 
    0, 0, 0, 0, 'R', DEFAULT, DEFAULT);

INSERT INTO TB_MEMBER (MEMBER_NO, MEMBER_ID, MEMBER_PASSWORD, MEMBER_NICKNAME, MEMBER_EMAIL, MEMBER_NAME,
    MEMBER_PHONE, MEMBER_GENDER, MEMBER_AGE, MEMBER_HEIGHT, MEMBER_WEIGHT, MEMBER_PURPOSE, MEMBER_CONCERN, MEMBER_TRAINER, MEMBER_ABSENCE, MEMBER_JOIN_DATE) VALUES(
    (SELECT nvl(max(member_no),0)+1 from tb_member), '테스트', '1234', '테스트', '7uckydog@gmail.com' ,'테스트', '010-0000-0000', '여자', 10, 
    11, 12, 1, 2, 'R', DEFAULT, DEFAULT);

commit;
--가슴
INSERT INTO TB_EXERCISE VALUES(1, '벤치 프레스', 'C');
INSERT INTO TB_EXERCISE VALUES(2, '인클라인 벤치 프레스', 'C');
INSERT INTO TB_EXERCISE VALUES(3, '딥스', 'C');
INSERT INTO TB_EXERCISE VALUES(4, '펙 덱 플라이', 'C');
INSERT INTO TB_EXERCISE VALUES(5, '덤벨 프레스', 'C');
INSERT INTO TB_EXERCISE VALUES(6, '인클라인 덤벨 프레스', 'C');
INSERT INTO TB_EXERCISE VALUES(7, '푸쉬업', 'C');
INSERT INTO TB_EXERCISE VALUES(8, '케이블 플라이', 'C');
INSERT INTO TB_EXERCISE VALUES(9, '덤벨 플라이', 'C');
INSERT INTO TB_EXERCISE VALUES(10, '인클라인 덤벨프레스', 'C');
INSERT INTO TB_EXERCISE VALUES(11, '디클라인 벤치 프레스', 'C');
INSERT INTO TB_EXERCISE VALUES(12, '클로즈 그립 벤치 프레스', 'C');
INSERT INTO TB_EXERCISE VALUES(13, '디클라인 덤벨 프레스', 'C');
INSERT INTO TB_EXERCISE VALUES(14, '인클라인 덤벨 플라이', 'C');
INSERT INTO TB_EXERCISE VALUES(15, '풀오버', 'C');
commit;
--등
INSERT INTO TB_EXERCISE VALUES(17, '렛 풀다운', 'B');
INSERT INTO TB_EXERCISE VALUES(18, '풀업', 'B');
INSERT INTO TB_EXERCISE VALUES(19, '바벨 로우', 'B');
INSERT INTO TB_EXERCISE VALUES(20, '시티드 로우', 'B');
INSERT INTO TB_EXERCISE VALUES(21, '원암 덤벨 로우', 'B');
INSERT INTO TB_EXERCISE VALUES(22, '시티드 케이블 로우', 'B');
INSERT INTO TB_EXERCISE VALUES(23, '암 풀 다운', 'B');
INSERT INTO TB_EXERCISE VALUES(24, '컨벤셔널 데드리프트', 'B');
INSERT INTO TB_EXERCISE VALUES(25, '원암 시티드 로우', 'B');
INSERT INTO TB_EXERCISE VALUES(26, '티바 로우', 'B');
INSERT INTO TB_EXERCISE VALUES(27, '펜들레이 로우', 'B');
INSERT INTO TB_EXERCISE VALUES(28, '클로즈그립 렛 풀다운', 'B');
INSERT INTO TB_EXERCISE VALUES(29, '친업', 'B');
INSERT INTO TB_EXERCISE VALUES(30, '루마니안 데드리프트', 'B');
INSERT INTO TB_EXERCISE VALUES(31, '케이블 로우', 'B');
INSERT INTO TB_EXERCISE VALUES(32, '백 익스텐션', 'B');
INSERT INTO TB_EXERCISE VALUES(33, '스모 데드리프트', 'B');
commit;
--하체
INSERT INTO TB_EXERCISE VALUES(34, '스쿼트', 'L');
INSERT INTO TB_EXERCISE VALUES(35, '레그 익스텐션', 'L');
INSERT INTO TB_EXERCISE VALUES(36, '레그 프레스', 'L');
INSERT INTO TB_EXERCISE VALUES(37, '레그 컬', 'L');
INSERT INTO TB_EXERCISE VALUES(38, '컨벤셔널 데드리프트', 'L');
INSERT INTO TB_EXERCISE VALUES(39, '스모 데드리프트', 'L');
INSERT INTO TB_EXERCISE VALUES(40, '루마니안 데드리프트', 'L');
INSERT INTO TB_EXERCISE VALUES(41, '런지', 'L');
INSERT INTO TB_EXERCISE VALUES(42, '카프 레이즈', 'L');
INSERT INTO TB_EXERCISE VALUES(43, '시티드 카프 레이즈', 'L');
INSERT INTO TB_EXERCISE VALUES(44, '시티드 레그 컬', 'L');
INSERT INTO TB_EXERCISE VALUES(45, '바벨 런지', 'L');
INSERT INTO TB_EXERCISE VALUES(46, '덤벨 런지', 'L');
INSERT INTO TB_EXERCISE VALUES(47, '이너 타이', 'L');
INSERT INTO TB_EXERCISE VALUES(48, '아웃 타이', 'L');
commit;
--힙
INSERT INTO TB_EXERCISE VALUES(49, '이너 타이', 'H');
INSERT INTO TB_EXERCISE VALUES(50, '아웃 타이', 'H');
INSERT INTO TB_EXERCISE VALUES(51, '힙 어덕션', 'H');
INSERT INTO TB_EXERCISE VALUES(52, '힙 쓰러스트', 'H');
INSERT INTO TB_EXERCISE VALUES(53, '덩키 킥', 'H');
INSERT INTO TB_EXERCISE VALUES(54, '워킹 런지', 'H');
INSERT INTO TB_EXERCISE VALUES(55, '바벨 런지', 'H');
INSERT INTO TB_EXERCISE VALUES(56, '원 레그 데드리프트', 'H');
commit;
--어깨
INSERT INTO TB_EXERCISE VALUES(57, '사이드 레터럴 레이즈', 'S');
INSERT INTO TB_EXERCISE VALUES(58, '덤벨 숄더 프레스', 'S');
INSERT INTO TB_EXERCISE VALUES(59, '벤트 오버 레터럴 레이즈', 'S');
INSERT INTO TB_EXERCISE VALUES(60, '페이스 풀', 'S');
INSERT INTO TB_EXERCISE VALUES(61, '비하인드 넥 프레스', 'S');
INSERT INTO TB_EXERCISE VALUES(62, '아놀드 프레스', 'S');
INSERT INTO TB_EXERCISE VALUES(63, '업라이트 로우', 'S');
INSERT INTO TB_EXERCISE VALUES(64, '케이블 레터럴 레이즈', 'S');
INSERT INTO TB_EXERCISE VALUES(65, '덤벨 프론트 레이즈', 'S');
INSERT INTO TB_EXERCISE VALUES(66, '바벨 프론트 레이즈', 'S');
INSERT INTO TB_EXERCISE VALUES(67, '밀리터리 프레스', 'S');
INSERT INTO TB_EXERCISE VALUES(68, '오버 헤드 프레스', 'S');
INSERT INTO TB_EXERCISE VALUES(69, '파이크 푸쉬업', 'S');
commit;
--팔
INSERT INTO TB_EXERCISE VALUES(70, '케이블 푸쉬 다운', 'E');
INSERT INTO TB_EXERCISE VALUES(71, '바벨 컬', 'E');
INSERT INTO TB_EXERCISE VALUES(72, '덤벨 컬', 'E');
INSERT INTO TB_EXERCISE VALUES(73, '해머 컬', 'E');
INSERT INTO TB_EXERCISE VALUES(74, '라잉 트라이셉스 익스텐션', 'E');
INSERT INTO TB_EXERCISE VALUES(75, '이지바 컬', 'E');
INSERT INTO TB_EXERCISE VALUES(76, '덤벨 킥백', 'E');
INSERT INTO TB_EXERCISE VALUES(77, '프리쳐 컬', 'E');
INSERT INTO TB_EXERCISE VALUES(78, '딥스', 'E');
INSERT INTO TB_EXERCISE VALUES(79, '리스트 컬', 'E');
INSERT INTO TB_EXERCISE VALUES(80, '케이블 킥백', 'E');
INSERT INTO TB_EXERCISE VALUES(81, '인클라인 덤벨 컬', 'E');
INSERT INTO TB_EXERCISE VALUES(82, '리버스 컬', 'E');
commit;
--복근
INSERT INTO TB_EXERCISE VALUES(83, '행잉 레그 레이즈', 'A');
INSERT INTO TB_EXERCISE VALUES(84, '크런치', 'A');
INSERT INTO TB_EXERCISE VALUES(85, '레그 레이즈', 'A');
INSERT INTO TB_EXERCISE VALUES(86, '싯업', 'A');
INSERT INTO TB_EXERCISE VALUES(87, '플랭크', 'A');
INSERT INTO TB_EXERCISE VALUES(88, '로프 크런치', 'A');
INSERT INTO TB_EXERCISE VALUES(89, '러시안 트위스트', 'A');
INSERT INTO TB_EXERCISE VALUES(90, '사이드 플랭크', 'A');
INSERT INTO TB_EXERCISE VALUES(91, 'AB슬라이드', 'A');
commit;
--유산소
INSERT INTO TB_EXERCISE VALUES(92, '런닝머신', 'T');
INSERT INTO TB_EXERCISE VALUES(93, '버피 테스트', 'T');
INSERT INTO TB_EXERCISE VALUES(94, '사이클 머신', 'T'); 
commit;
    
    
    
    
    
    
    
    
    

    
    
    
    
    
--루틴
INSERT INTO TB_ROUTINE (ROUTINE_NO, MEMBER_NO, ROUTINE_NAME, ROUTINE_DISABLE, ROUTINE_TARGET, ROUTINE_CONTENT, ROUTINE_EXPLANATION) 
    VALUES ((SELECT nvl(max(ROUTINE_NO),0)+1 from TB_ROUTINE), 11, '서유빈루틴', DEFAULT, DEFAULT, '서유빈루틴 테스트용', NULL);
    
INSERT INTO TB_ROUTINE (ROUTINE_NO, MEMBER_NO, ROUTINE_NAME, ROUTINE_DISABLE, ROUTINE_TARGET, ROUTINE_CONTENT, ROUTINE_EXPLANATION) 
    VALUES ((SELECT nvl(max(ROUTINE_NO),0)+1 from TB_ROUTINE), 12, '민승택루틴', DEFAULT, DEFAULT, '민승택루틴 테스트용', NULL);    

INSERT INTO TB_ROUTINE (ROUTINE_NO, MEMBER_NO, ROUTINE_NAME, ROUTINE_DISABLE, ROUTINE_TARGET, ROUTINE_CONTENT, ROUTINE_EXPLANATION) 
    VALUES ((SELECT nvl(max(ROUTINE_NO),0)+1 from TB_ROUTINE), 13, '이진정루틴', DEFAULT, DEFAULT, '이진정루틴 테스트용', NULL);
    
INSERT INTO TB_ROUTINE (ROUTINE_NO, MEMBER_NO, ROUTINE_NAME, ROUTINE_DISABLE, ROUTINE_TARGET, ROUTINE_CONTENT, ROUTINE_EXPLANATION) 
    VALUES ((SELECT nvl(max(ROUTINE_NO),0)+1 from TB_ROUTINE), 14, '박재민루틴', DEFAULT, DEFAULT, '박재민루틴 테스트용', NULL);  
    


commit;


-- 개별 루틴목록
INSERT INTO TB_ROUTINE_EXERCISE (ROUTINE_EXERCISE_NO, EXERCISE_NO, ROUTINE_NO, ROUTINE_EXERCISE_DAY,
    ROUTINE_WEEK, ROUTINE_DAY, ROUTINE_EXERCISE_SET, ROUTINE_EXERCISE_REPEAT, ROUTINE_EXERCISE_WEIGHT, 
    ROUTINE_EXERCISE_TIME, ROUTINE_EXERCISE_DISTANCE, ROUTINE_EXERCISE_PERFORM_DAY, ROUTINE_EXERCISE_D_DAY, 
    ROUTINE_EXERCISE_SEQUENCE, ROUTINE_EXERCISE_COPY)
    VALUES ((SELECT nvl(max(ROUTINE_EXERCISE_NO),0)+1 from TB_ROUTINE_EXERCISE), 1, 1, 1, 
    1, NULL, 1, 10, 50, 
    NULL, NULL, NULL, NULL, 
    1, DEFAULT);
    
INSERT INTO TB_ROUTINE_EXERCISE (ROUTINE_EXERCISE_NO, EXERCISE_NO, ROUTINE_NO, ROUTINE_EXERCISE_DAY,
    ROUTINE_WEEK, ROUTINE_DAY, ROUTINE_EXERCISE_SET, ROUTINE_EXERCISE_REPEAT, ROUTINE_EXERCISE_WEIGHT, 
    ROUTINE_EXERCISE_TIME, ROUTINE_EXERCISE_DISTANCE, ROUTINE_EXERCISE_PERFORM_DAY, ROUTINE_EXERCISE_D_DAY, 
    ROUTINE_EXERCISE_SEQUENCE, ROUTINE_EXERCISE_COPY)
    VALUES ((SELECT nvl(max(ROUTINE_EXERCISE_NO),0)+1 from TB_ROUTINE_EXERCISE), 1, 1, 1, 
    1, NULL, 2, 10, 50, 
    NULL, NULL, NULL, NULL, 
    1, DEFAULT);
    
INSERT INTO TB_ROUTINE_EXERCISE (ROUTINE_EXERCISE_NO, EXERCISE_NO, ROUTINE_NO, ROUTINE_EXERCISE_DAY,
    ROUTINE_WEEK, ROUTINE_DAY, ROUTINE_EXERCISE_SET, ROUTINE_EXERCISE_REPEAT, ROUTINE_EXERCISE_WEIGHT, 
    ROUTINE_EXERCISE_TIME, ROUTINE_EXERCISE_DISTANCE, ROUTINE_EXERCISE_PERFORM_DAY, ROUTINE_EXERCISE_D_DAY, 
    ROUTINE_EXERCISE_SEQUENCE, ROUTINE_EXERCISE_COPY)
    VALUES ((SELECT nvl(max(ROUTINE_EXERCISE_NO),0)+1 from TB_ROUTINE_EXERCISE), 1, 1, 1, 
    1, NULL, 3, 10, 50, 
    NULL, NULL, NULL, NULL, 
    1, DEFAULT);    

INSERT INTO TB_ROUTINE_EXERCISE (ROUTINE_EXERCISE_NO, EXERCISE_NO, ROUTINE_NO, ROUTINE_EXERCISE_DAY,
    ROUTINE_WEEK, ROUTINE_DAY, ROUTINE_EXERCISE_SET, ROUTINE_EXERCISE_REPEAT, ROUTINE_EXERCISE_WEIGHT, 
    ROUTINE_EXERCISE_TIME, ROUTINE_EXERCISE_DISTANCE, ROUTINE_EXERCISE_PERFORM_DAY, ROUTINE_EXERCISE_D_DAY, 
    ROUTINE_EXERCISE_SEQUENCE, ROUTINE_EXERCISE_COPY)
    VALUES ((SELECT nvl(max(ROUTINE_EXERCISE_NO),0)+1 from TB_ROUTINE_EXERCISE), 14, 1, 1, 
    1, NULL, 1, 10, 50, 
    NULL, NULL, NULL, NULL, 
    2, DEFAULT);
    
INSERT INTO TB_ROUTINE_EXERCISE (ROUTINE_EXERCISE_NO, EXERCISE_NO, ROUTINE_NO, ROUTINE_EXERCISE_DAY,
    ROUTINE_WEEK, ROUTINE_DAY, ROUTINE_EXERCISE_SET, ROUTINE_EXERCISE_REPEAT, ROUTINE_EXERCISE_WEIGHT, 
    ROUTINE_EXERCISE_TIME, ROUTINE_EXERCISE_DISTANCE, ROUTINE_EXERCISE_PERFORM_DAY, ROUTINE_EXERCISE_D_DAY, 
    ROUTINE_EXERCISE_SEQUENCE, ROUTINE_EXERCISE_COPY)
    VALUES ((SELECT nvl(max(ROUTINE_EXERCISE_NO),0)+1 from TB_ROUTINE_EXERCISE), 14, 1, 1, 
    1, NULL, 2, 10, 50, 
    NULL, NULL, NULL, NULL, 
    2, DEFAULT);
    
INSERT INTO TB_ROUTINE_EXERCISE (ROUTINE_EXERCISE_NO, EXERCISE_NO, ROUTINE_NO, ROUTINE_EXERCISE_DAY,
    ROUTINE_WEEK, ROUTINE_DAY, ROUTINE_EXERCISE_SET, ROUTINE_EXERCISE_REPEAT, ROUTINE_EXERCISE_WEIGHT, 
    ROUTINE_EXERCISE_TIME, ROUTINE_EXERCISE_DISTANCE, ROUTINE_EXERCISE_PERFORM_DAY, ROUTINE_EXERCISE_D_DAY, 
    ROUTINE_EXERCISE_SEQUENCE, ROUTINE_EXERCISE_COPY)
    VALUES ((SELECT nvl(max(ROUTINE_EXERCISE_NO),0)+1 from TB_ROUTINE_EXERCISE), 14, 1, 1, 
    1, NULL, 3, 10, 50, 
    NULL, NULL, NULL, NULL, 
    2, DEFAULT);  

INSERT INTO TB_ROUTINE_EXERCISE (ROUTINE_EXERCISE_NO, EXERCISE_NO, ROUTINE_NO, ROUTINE_EXERCISE_DAY,
    ROUTINE_WEEK, ROUTINE_DAY, ROUTINE_EXERCISE_SET, ROUTINE_EXERCISE_REPEAT, ROUTINE_EXERCISE_WEIGHT, 
    ROUTINE_EXERCISE_TIME, ROUTINE_EXERCISE_DISTANCE, ROUTINE_EXERCISE_PERFORM_DAY, ROUTINE_EXERCISE_D_DAY, 
    ROUTINE_EXERCISE_SEQUENCE, ROUTINE_EXERCISE_COPY)
    VALUES ((SELECT nvl(max(ROUTINE_EXERCISE_NO),0)+1 from TB_ROUTINE_EXERCISE), 1, 1, 3, 
    1, NULL, 1, 10, 50, 
    NULL, NULL, NULL, NULL, 
    1, DEFAULT);
    
INSERT INTO TB_ROUTINE_EXERCISE (ROUTINE_EXERCISE_NO, EXERCISE_NO, ROUTINE_NO, ROUTINE_EXERCISE_DAY,
    ROUTINE_WEEK, ROUTINE_DAY, ROUTINE_EXERCISE_SET, ROUTINE_EXERCISE_REPEAT, ROUTINE_EXERCISE_WEIGHT, 
    ROUTINE_EXERCISE_TIME, ROUTINE_EXERCISE_DISTANCE, ROUTINE_EXERCISE_PERFORM_DAY, ROUTINE_EXERCISE_D_DAY, 
    ROUTINE_EXERCISE_SEQUENCE, ROUTINE_EXERCISE_COPY)
    VALUES ((SELECT nvl(max(ROUTINE_EXERCISE_NO),0)+1 from TB_ROUTINE_EXERCISE), 1, 1, 3, 
    1, NULL, 2, 10, 50, 
    NULL, NULL, NULL, NULL, 
    1, DEFAULT);
    
INSERT INTO TB_ROUTINE_EXERCISE (ROUTINE_EXERCISE_NO, EXERCISE_NO, ROUTINE_NO, ROUTINE_EXERCISE_DAY,
    ROUTINE_WEEK, ROUTINE_DAY, ROUTINE_EXERCISE_SET, ROUTINE_EXERCISE_REPEAT, ROUTINE_EXERCISE_WEIGHT, 
    ROUTINE_EXERCISE_TIME, ROUTINE_EXERCISE_DISTANCE, ROUTINE_EXERCISE_PERFORM_DAY, ROUTINE_EXERCISE_D_DAY, 
    ROUTINE_EXERCISE_SEQUENCE, ROUTINE_EXERCISE_COPY)
    VALUES ((SELECT nvl(max(ROUTINE_EXERCISE_NO),0)+1 from TB_ROUTINE_EXERCISE), 1, 1, 3, 
    1, NULL, 3, 10, 50, 
    NULL, NULL, NULL, NULL, 
    1, DEFAULT);    

INSERT INTO TB_ROUTINE_EXERCISE (ROUTINE_EXERCISE_NO, EXERCISE_NO, ROUTINE_NO, ROUTINE_EXERCISE_DAY,
    ROUTINE_WEEK, ROUTINE_DAY, ROUTINE_EXERCISE_SET, ROUTINE_EXERCISE_REPEAT, ROUTINE_EXERCISE_WEIGHT, 
    ROUTINE_EXERCISE_TIME, ROUTINE_EXERCISE_DISTANCE, ROUTINE_EXERCISE_PERFORM_DAY, ROUTINE_EXERCISE_D_DAY, 
    ROUTINE_EXERCISE_SEQUENCE, ROUTINE_EXERCISE_COPY)
    VALUES ((SELECT nvl(max(ROUTINE_EXERCISE_NO),0)+1 from TB_ROUTINE_EXERCISE), 14, 1, 3, 
    1, NULL, 1, 10, 50, 
    NULL, NULL, NULL, NULL, 
    2, DEFAULT);
    
INSERT INTO TB_ROUTINE_EXERCISE (ROUTINE_EXERCISE_NO, EXERCISE_NO, ROUTINE_NO, ROUTINE_EXERCISE_DAY,
    ROUTINE_WEEK, ROUTINE_DAY, ROUTINE_EXERCISE_SET, ROUTINE_EXERCISE_REPEAT, ROUTINE_EXERCISE_WEIGHT, 
    ROUTINE_EXERCISE_TIME, ROUTINE_EXERCISE_DISTANCE, ROUTINE_EXERCISE_PERFORM_DAY, ROUTINE_EXERCISE_D_DAY, 
    ROUTINE_EXERCISE_SEQUENCE, ROUTINE_EXERCISE_COPY)
    VALUES ((SELECT nvl(max(ROUTINE_EXERCISE_NO),0)+1 from TB_ROUTINE_EXERCISE), 14, 1, 3, 
    1, NULL, 2, 10, 50, 
    NULL, NULL, NULL, NULL, 
    2, DEFAULT);
    
INSERT INTO TB_ROUTINE_EXERCISE (ROUTINE_EXERCISE_NO, EXERCISE_NO, ROUTINE_NO, ROUTINE_EXERCISE_DAY,
    ROUTINE_WEEK, ROUTINE_DAY, ROUTINE_EXERCISE_SET, ROUTINE_EXERCISE_REPEAT, ROUTINE_EXERCISE_WEIGHT, 
    ROUTINE_EXERCISE_TIME, ROUTINE_EXERCISE_DISTANCE, ROUTINE_EXERCISE_PERFORM_DAY, ROUTINE_EXERCISE_D_DAY, 
    ROUTINE_EXERCISE_SEQUENCE, ROUTINE_EXERCISE_COPY)
    VALUES ((SELECT nvl(max(ROUTINE_EXERCISE_NO),0)+1 from TB_ROUTINE_EXERCISE), 14, 1, 3, 
    1, NULL, 3, 10, 50, 
    NULL, NULL, NULL, NULL, 
    2, DEFAULT);  


commit;

INSERT INTO TB_EXERCISE_RECORD (RECORD_NO, 
    RECORD_START, RECORD_STOP, MEMBER_NO, ROUTINE_EXERCISE_NO)
    VALUES(
    (SELECT nvl(max(record_no),0)+1 from tb_exercise_record), 
    TO_DATE('20220418164000','YYYYMMDDHH24MISS'), TO_DATE('20220418165000','YYYYMMDDHH24MISS'), 11, 1
    );
    
INSERT INTO TB_EXERCISE_RECORD (RECORD_NO, 
    RECORD_START, RECORD_STOP, MEMBER_NO, ROUTINE_EXERCISE_NO)
    VALUES(
    (SELECT nvl(max(record_no),0)+1 from tb_exercise_record), 
    TO_DATE('20220418165500','YYYYMMDDHH24MISS'), TO_DATE('20220418170500','YYYYMMDDHH24MISS'), 11, 2
    );

INSERT INTO TB_EXERCISE_RECORD (RECORD_NO, 
    RECORD_START, RECORD_STOP, MEMBER_NO, ROUTINE_EXERCISE_NO)
    VALUES(
    (SELECT nvl(max(record_no),0)+1 from tb_exercise_record), 
    TO_DATE('20220418165500','YYYYMMDDHH24MISS'), TO_DATE('20220418170500','YYYYMMDDHH24MISS'), 11, 3
    );

INSERT INTO TB_EXERCISE_RECORD (RECORD_NO, 
    RECORD_START, RECORD_STOP, MEMBER_NO, ROUTINE_EXERCISE_NO)
    VALUES(
    (SELECT nvl(max(record_no),0)+1 from tb_exercise_record), 
    TO_DATE('20220418171500','YYYYMMDDHH24MISS'), TO_DATE('20220418172500','YYYYMMDDHH24MISS'), 11, 4
    );
    
INSERT INTO TB_EXERCISE_RECORD (RECORD_NO, 
    RECORD_START, RECORD_STOP, MEMBER_NO, ROUTINE_EXERCISE_NO)
    VALUES(
    (SELECT nvl(max(record_no),0)+1 from tb_exercise_record), 
    TO_DATE('20220418173500','YYYYMMDDHH24MISS'), TO_DATE('20220418174500','YYYYMMDDHH24MISS'), 11, 5
    );

INSERT INTO TB_EXERCISE_RECORD (RECORD_NO, 
    RECORD_START, RECORD_STOP, MEMBER_NO, ROUTINE_EXERCISE_NO)
    VALUES(
    (SELECT nvl(max(record_no),0)+1 from tb_exercise_record), 
    TO_DATE('20220418175500','YYYYMMDDHH24MISS'), TO_DATE('20220418180500','YYYYMMDDHH24MISS'), 11, 6
    );
commit;
-- 자유게시물

INSERT INTO TB_BOARD (
        BOARD_NO, MEMBER_NO, BOARD_TITLE, 
        BOARD_CONTENT, BOARD_COUNT, BOARD_DATE, BOARD_CATEGORY_NO) 
    VALUES (
        (SELECT nvl(max(board_no),0)+1 from tb_board), 11, '테스트 제목',
        '테스트 내용',DEFAULT, DEFAULT, DEFAULT
    );

INSERT INTO TB_BOARD (
        BOARD_NO, MEMBER_NO, BOARD_TITLE, 
        BOARD_CONTENT, BOARD_COUNT, BOARD_DATE, BOARD_CATEGORY_NO) 
    VALUES (
        (SELECT nvl(max(board_no),0)+1 from tb_board), 12, '테스트 제목2',
        '테스트 내용2',DEFAULT, DEFAULT, DEFAULT
    );

INSERT INTO TB_BOARD (
        BOARD_NO, MEMBER_NO, BOARD_TITLE, 
        BOARD_CONTENT, BOARD_COUNT, BOARD_DATE, BOARD_CATEGORY_NO) 
    VALUES (
        (SELECT nvl(max(board_no),0)+1 from tb_board), 14, '테스트 제목4',
        '테스트 내용4',DEFAULT, DEFAULT, DEFAULT
    );

INSERT INTO TB_BOARD (
        BOARD_NO, MEMBER_NO, BOARD_TITLE, 
        BOARD_CONTENT, BOARD_COUNT, BOARD_DATE, BOARD_CATEGORY_NO) 
    VALUES (
        (SELECT nvl(max(board_no),0)+1 from tb_board), 15, '테스트 제목5',
        '테스트 내용5',DEFAULT, DEFAULT, DEFAULT
    );

INSERT INTO TB_BOARD (
        BOARD_NO, MEMBER_NO, BOARD_TITLE, 
        BOARD_CONTENT, BOARD_COUNT, BOARD_DATE, BOARD_CATEGORY_NO) 
    VALUES (
        (SELECT nvl(max(board_no),0)+1 from tb_board), 16, '테스트 제목6',
        '테스트 내용6',DEFAULT, DEFAULT, DEFAULT
    );


commit;
-- 루틴 게시물
INSERT INTO TB_ROUTINE_BOARD (
        ROUTINE_BOARD_NO, MEMBER_NO, 
        ROUTINE_NO, ROUTINE_BOARD_TITLE, ROUTINE_BOARD_CONTENT, ROUTINE_BOARD_COUNT, 
        ROUTINE_BOARD_DATE,ROUTINE_BOARD_SHARE, BOARD_CATEGORY_NO)
    VALUES (
        (SELECT nvl(max(routine_board_no),0)+1 from tb_routine_board), 11,
        1, '서유빈 루틴 게시물', '서유빈 루틴 게시물 내용', DEFAULT,
        DEFAULT, DEFAULT, DEFAULT
    );
commit;
-- 자유게시물 댓글

INSERT INTO TB_COMMENT (
        COMMENT_NO, BOARD_NO, ROUTINE_BOARD_NO, 
        MEMBER_NO, COMMENT_CONTENT, 
        COMMENT_DATE, COMMENT_EDIT_DATE) 
    VALUES (
        (SELECT nvl(max(comment_no),0)+1 from tb_comment), 1, NULL,
        12, '테스트용 댓글',
        SYSDATE, NULL
    );

INSERT INTO TB_COMMENT (
        COMMENT_NO, BOARD_NO, ROUTINE_BOARD_NO, 
        MEMBER_NO, COMMENT_CONTENT, 
        COMMENT_DATE, COMMENT_EDIT_DATE) 
    VALUES (
        (SELECT nvl(max(comment_no),0)+1 from tb_comment), 1, NULL,
        13, '테스트용 댓글',
        SYSDATE, NULL
    );

INSERT INTO TB_COMMENT (
        COMMENT_NO, BOARD_NO, ROUTINE_BOARD_NO, 
        MEMBER_NO, COMMENT_CONTENT, 
        COMMENT_DATE, COMMENT_EDIT_DATE) 
    VALUES (
        (SELECT nvl(max(comment_no),0)+1 from tb_comment), 1, NULL,
        14, '테스트용 댓글',
        SYSDATE, NULL
    );

INSERT INTO TB_COMMENT (
        COMMENT_NO, BOARD_NO, ROUTINE_BOARD_NO, 
        MEMBER_NO, COMMENT_CONTENT, 
        COMMENT_DATE, COMMENT_EDIT_DATE) 
    VALUES (
        (SELECT nvl(max(comment_no),0)+1 from tb_comment), 2, NULL,
        12, '테스트용 댓글',
        SYSDATE, NULL
    );

INSERT INTO TB_COMMENT (
        COMMENT_NO, BOARD_NO, ROUTINE_BOARD_NO, 
        MEMBER_NO, COMMENT_CONTENT, 
        COMMENT_DATE, COMMENT_EDIT_DATE) 
    VALUES (
        (SELECT nvl(max(comment_no),0)+1 from tb_comment), 2, NULL,
        13, '테스트용 댓글',
        SYSDATE, NULL
    );

INSERT INTO TB_COMMENT (
        COMMENT_NO, BOARD_NO, ROUTINE_BOARD_NO, 
        MEMBER_NO, COMMENT_CONTENT, 
        COMMENT_DATE, COMMENT_EDIT_DATE) 
    VALUES (
        (SELECT nvl(max(comment_no),0)+1 from tb_comment), 2, NULL,
        14, '테스트용 댓글',
        SYSDATE, NULL
    );
commit;
-- 루틴 게시물 댓글

INSERT INTO TB_COMMENT (
        COMMENT_NO, BOARD_NO, ROUTINE_BOARD_NO, 
        MEMBER_NO, COMMENT_CONTENT, 
        COMMENT_DATE, COMMENT_EDIT_DATE) 
    VALUES (
        (SELECT nvl(max(comment_no),0)+1 from tb_comment), NULL, 1,
        14, '테스트용 루틴 댓글',
        SYSDATE, NULL
    );

INSERT INTO TB_COMMENT (
        COMMENT_NO, BOARD_NO, ROUTINE_BOARD_NO, 
        MEMBER_NO, COMMENT_CONTENT, 
        COMMENT_DATE, COMMENT_EDIT_DATE) 
    VALUES (
        (SELECT nvl(max(comment_no),0)+1 from tb_comment), NULL, 1,
        12, '테스트용 루틴 댓글',
        SYSDATE, NULL
    );

INSERT INTO TB_COMMENT (
        COMMENT_NO, BOARD_NO, ROUTINE_BOARD_NO, 
        MEMBER_NO, COMMENT_CONTENT, 
        COMMENT_DATE, COMMENT_EDIT_DATE) 
    VALUES (
        (SELECT nvl(max(comment_no),0)+1 from tb_comment), NULL, 1,
        13, '테스트용 루틴 댓글',
        SYSDATE, NULL
    );
commit;
-- 게시물 신고

INSERT INTO TB_BOARD_REPORT (
        BOARD_REPORT_NO, BOARD_REPORT_CONTENT, 
        BOARD_REPORT_TIME, MEMBER_NO, 
        BOARD_NO, ROUTINE_BOARD_NO) 
    VALUES (
        (SELECT nvl(max(board_report_no),0)+1 from tb_board_report), '신고 내용',
        DEFAULT, 14,
        1, NULL
    );

INSERT INTO TB_BOARD_REPORT (
        BOARD_REPORT_NO, BOARD_REPORT_CONTENT, 
        BOARD_REPORT_TIME, MEMBER_NO, 
        BOARD_NO, ROUTINE_BOARD_NO) 
    VALUES (
        (SELECT nvl(max(board_report_no),0)+1 from tb_board_report), '신고 내용',
        DEFAULT, 15,
        1, NULL
    );


INSERT INTO TB_BOARD_REPORT (
        BOARD_REPORT_NO, BOARD_REPORT_CONTENT, 
        BOARD_REPORT_TIME, MEMBER_NO, 
        BOARD_NO, ROUTINE_BOARD_NO) 
    VALUES (
        (SELECT nvl(max(board_report_no),0)+1 from tb_board_report), '신고 내용',
        DEFAULT, 14,
        4, NULL
    );

INSERT INTO TB_BOARD_REPORT (
        BOARD_REPORT_NO, BOARD_REPORT_CONTENT, 
        BOARD_REPORT_TIME, MEMBER_NO, 
        BOARD_NO, ROUTINE_BOARD_NO) 
    VALUES (
        (SELECT nvl(max(board_report_no),0)+1 from tb_board_report), '신고 내용',
        DEFAULT, 15,
        4, NULL
    );
commit;
-- 댓글 신고

INSERT INTO TB_COMMENT_REPORT (
        COMMENT_REPORT_NO, COMMENT_REPORT_CONTENT, 
        COMMENT_REPORT_TIME, COMMENT_NO, MEMBER_NO) 
    VALUES (
         (SELECT nvl(max(comment_report_no),0)+1 from tb_comment_report), '신고 내용',
         DEFAULT, 1, 13
    );

INSERT INTO TB_COMMENT_REPORT (
        COMMENT_REPORT_NO, COMMENT_REPORT_CONTENT, 
        COMMENT_REPORT_TIME, COMMENT_NO, MEMBER_NO) 
    VALUES (
         (SELECT nvl(max(comment_report_no),0)+1 from tb_comment_report), '신고 내용',
         DEFAULT, 3, 14
    );
commit;
-- 쪽지

INSERT INTO TB_LETTER (
        LETTER_NO, MEMBER_NO, LETTER_TITILE, 
        LETTER_CONTENT, LETTER_SEND_TIME, LETTER_READ, LETTER_READ_TIME) 
    VALUES (
        (SELECT nvl(max(LETTER_NO),0)+1 from TB_LETTER), 11, '테스트용 쪽지 제목',
        '테스트용 쪽지 내용', DEFAULT, DEFAULT, NULL
    );

INSERT INTO TB_LETTER (
        LETTER_NO, MEMBER_NO, LETTER_TITILE, 
        LETTER_CONTENT, LETTER_SEND_TIME, LETTER_READ, LETTER_READ_TIME) 
    VALUES (
        (SELECT nvl(max(LETTER_NO),0)+1 from TB_LETTER), 11, '테스트용 쪽지 제목2',
        '테스트용 쪽지 내용2', DEFAULT, DEFAULT, NULL
    );

INSERT INTO TB_LETTER (
        LETTER_NO, MEMBER_NO, LETTER_TITILE, 
        LETTER_CONTENT, LETTER_SEND_TIME, LETTER_READ, LETTER_READ_TIME) 
    VALUES (
        (SELECT nvl(max(LETTER_NO),0)+1 from TB_LETTER), 11, '테스트용 쪽지 제목3',
        '테스트용 쪽지 내용3', DEFAULT, DEFAULT, NULL
    );
commit;
-- 문의 사항

INSERT INTO TB_INQUIRY (
        INQUIRY_NO, MEMBER_NO, INQUIRY_TITLE, 
        INQUIRY_CONTENT, INQUIRY_DATE, INQUIRY_CHECK, INQUIRY_ANSWER) 
    VALUES (
        (SELECT nvl(max(INQUIRY_NO),0)+1 from TB_INQUIRY), 14, '테스트 문의',
        '테스트 문의 내용', DEFAULT, DEFAULT, NULL
    );

INSERT INTO TB_INQUIRY (
        INQUIRY_NO, MEMBER_NO, INQUIRY_TITLE, 
        INQUIRY_CONTENT, INQUIRY_DATE, INQUIRY_CHECK, INQUIRY_ANSWER) 
    VALUES (
        (SELECT nvl(max(INQUIRY_NO),0)+1 from TB_INQUIRY), 16, '테스트 문의2',
        '테스트 문의 내용2', DEFAULT, DEFAULT, NULL
    );

INSERT INTO TB_INQUIRY (
        INQUIRY_NO, MEMBER_NO, INQUIRY_TITLE, 
        INQUIRY_CONTENT, INQUIRY_DATE, INQUIRY_CHECK, INQUIRY_ANSWER) 
    VALUES (
        (SELECT nvl(max(INQUIRY_NO),0)+1 from TB_INQUIRY), 11, '테스트 문의3',
        '테스트 문의 내용3', DEFAULT, DEFAULT, NULL
    );
commit;
-- 공지사항

INSERT INTO TB_NOTICE (
        NOTICE_NO, MEMBER_NO, 
        NOTICE_TITLE, NOTICE_CONTENT, NOTICE_COUNT, NOTICE_DATE) 
    VALUES (
        (SELECT nvl(max(NOTICE_NO),0)+1 from TB_NOTICE), 1,
        '테스트 공지사항 제목', '테스트 공지사항 내용', DEFAULT, SYSDATE
    );

INSERT INTO TB_NOTICE (
        NOTICE_NO, MEMBER_NO, 
        NOTICE_TITLE, NOTICE_CONTENT, NOTICE_COUNT, NOTICE_DATE) 
    VALUES (
        (SELECT nvl(max(NOTICE_NO),0)+1 from TB_NOTICE), 1,
        '테스트 공지사항 제목2', '테스트 공지사항 내용2', DEFAULT, SYSDATE
    );

INSERT INTO TB_NOTICE (
        NOTICE_NO, MEMBER_NO, 
        NOTICE_TITLE, NOTICE_CONTENT, NOTICE_COUNT, NOTICE_DATE) 
    VALUES (
        (SELECT nvl(max(NOTICE_NO),0)+1 from TB_NOTICE), 2,
        '테스트 공지사항 제목3', '테스트 공지사항 내용3', DEFAULT, SYSDATE
    );

commit;
-- 트레이너 테이블

INSERT INTO TB_TRAINER(
        TRAINER_NO, MEMBER_NO, TRAINER_FILE, 
        TRAINER_CONFIRM, GYM_NAME, GYM_LOCATION, TRAINER_ETR) 
    VALUES (
        (SELECT nvl(max(TRAINER_NO),0)+1 from TB_TRAINER), 21, '파일 경로', 
        'T', '테스트 헬스장', '테스트 헬스장 위치', NULL
    );

INSERT INTO TB_TRAINER(
        TRAINER_NO, MEMBER_NO, TRAINER_FILE, 
        TRAINER_CONFIRM, GYM_NAME, GYM_LOCATION, TRAINER_ETR) 
    VALUES (
        (SELECT nvl(max(TRAINER_NO),0)+1 from TB_TRAINER), 22, '파일 경로', 
        'T', '테스트 헬스장', '테스트 헬스장 위치', NULL
    );

INSERT INTO TB_TRAINER(
        TRAINER_NO, MEMBER_NO, TRAINER_FILE, 
        TRAINER_CONFIRM, GYM_NAME, GYM_LOCATION, TRAINER_ETR) 
    VALUES (
        (SELECT nvl(max(TRAINER_NO),0)+1 from TB_TRAINER), 23, '파일 경로', 
        'T', '테스트 헬스장', '테스트 헬스장 위치', NULL
    );

INSERT INTO TB_TRAINER(
        TRAINER_NO, MEMBER_NO, TRAINER_FILE, 
        TRAINER_CONFIRM, GYM_NAME, GYM_LOCATION, TRAINER_ETR) 
    VALUES (
        (SELECT nvl(max(TRAINER_NO),0)+1 from TB_TRAINER), 24, '파일 경로', 
        'T', '테스트 헬스장', '테스트 헬스장 위치', NULL
    );
    
INSERT INTO TB_TRAINER(
        TRAINER_NO, MEMBER_NO, TRAINER_FILE, 
        TRAINER_CONFIRM, GYM_NAME, GYM_LOCATION, TRAINER_ETR) 
    VALUES (
        (SELECT nvl(max(TRAINER_NO),0)+1 from TB_TRAINER), 25, '파일 경로', 
        'T', '테스트 헬스장', '테스트 헬스장 위치', NULL
    );

INSERT INTO TB_TRAINER(
        TRAINER_NO, MEMBER_NO, TRAINER_FILE, 
        TRAINER_CONFIRM, GYM_NAME, GYM_LOCATION, TRAINER_ETR) 
    VALUES (
        (SELECT nvl(max(TRAINER_NO),0)+1 from TB_TRAINER), 26, '파일 경로', 
        'T', '테스트 헬스장', '테스트 헬스장 위치', NULL
    );

INSERT INTO TB_TRAINER(
        TRAINER_NO, MEMBER_NO, TRAINER_FILE, 
        TRAINER_CONFIRM, GYM_NAME, GYM_LOCATION, TRAINER_ETR) 
    VALUES (
        (SELECT nvl(max(TRAINER_NO),0)+1 from TB_TRAINER), 27, '파일 경로', 
        'T', '테스트 헬스장', '테스트 헬스장 위치', NULL
    );

INSERT INTO TB_TRAINER(
        TRAINER_NO, MEMBER_NO, TRAINER_FILE, 
        TRAINER_CONFIRM, GYM_NAME, GYM_LOCATION, TRAINER_ETR) 
    VALUES (
        (SELECT nvl(max(TRAINER_NO),0)+1 from TB_TRAINER), 28, '파일 경로', 
        'T', '테스트 헬스장', '테스트 헬스장 위치', NULL
    );
    
INSERT INTO TB_TRAINER(
        TRAINER_NO, MEMBER_NO, TRAINER_FILE, 
        TRAINER_CONFIRM, GYM_NAME, GYM_LOCATION, TRAINER_ETR) 
    VALUES (
        (SELECT nvl(max(TRAINER_NO),0)+1 from TB_TRAINER), 29, '파일 경로', 
        'T', '테스트 헬스장', '테스트 헬스장 위치', NULL
    );

INSERT INTO TB_TRAINER(
        TRAINER_NO, MEMBER_NO, TRAINER_FILE, 
        TRAINER_CONFIRM, GYM_NAME, GYM_LOCATION, TRAINER_ETR) 
    VALUES (
        (SELECT nvl(max(TRAINER_NO),0)+1 from TB_TRAINER), 30, '파일 경로', 
        'T', '테스트 헬스장', '테스트 헬스장 위치', NULL
    );

INSERT INTO TB_TRAINER(
        TRAINER_NO, MEMBER_NO, TRAINER_FILE, 
        TRAINER_CONFIRM, GYM_NAME, GYM_LOCATION, TRAINER_ETR) 
    VALUES (
        (SELECT nvl(max(TRAINER_NO),0)+1 from TB_TRAINER), 31, '파일 경로', 
        'R', '테스트 헬스장', '테스트 헬스장 위치', NULL
    );

INSERT INTO TB_TRAINER(
        TRAINER_NO, MEMBER_NO, TRAINER_FILE, 
        TRAINER_CONFIRM, GYM_NAME, GYM_LOCATION, TRAINER_ETR) 
    VALUES (
        (SELECT nvl(max(TRAINER_NO),0)+1 from TB_TRAINER), 32, '파일 경로', 
        'R', '테스트 헬스장', '테스트 헬스장 위치', NULL
    );

INSERT INTO TB_TRAINER(
        TRAINER_NO, MEMBER_NO, TRAINER_FILE, 
        TRAINER_CONFIRM, GYM_NAME, GYM_LOCATION, TRAINER_ETR) 
    VALUES (
        (SELECT nvl(max(TRAINER_NO),0)+1 from TB_TRAINER), 33, '파일 경로', 
        'R', '테스트 헬스장', '테스트 헬스장 위치', NULL
    );

INSERT INTO TB_TRAINER(
        TRAINER_NO, MEMBER_NO, TRAINER_FILE, 
        TRAINER_CONFIRM, GYM_NAME, GYM_LOCATION, TRAINER_ETR) 
    VALUES (
        (SELECT nvl(max(TRAINER_NO),0)+1 from TB_TRAINER), 34, '파일 경로', 
        'R', '테스트 헬스장', '테스트 헬스장 위치', NULL
    );
    
INSERT INTO TB_TRAINER(
        TRAINER_NO, MEMBER_NO, TRAINER_FILE, 
        TRAINER_CONFIRM, GYM_NAME, GYM_LOCATION, TRAINER_ETR) 
    VALUES (
        (SELECT nvl(max(TRAINER_NO),0)+1 from TB_TRAINER), 35, '파일 경로', 
        'R', '테스트 헬스장', '테스트 헬스장 위치', NULL
    );

INSERT INTO TB_TRAINER(
        TRAINER_NO, MEMBER_NO, TRAINER_FILE, 
        TRAINER_CONFIRM, GYM_NAME, GYM_LOCATION, TRAINER_ETR) 
    VALUES (
        (SELECT nvl(max(TRAINER_NO),0)+1 from TB_TRAINER), 36, '파일 경로', 
        'R', '테스트 헬스장', '테스트 헬스장 위치', NULL
    );

INSERT INTO TB_TRAINER(
        TRAINER_NO, MEMBER_NO, TRAINER_FILE, 
        TRAINER_CONFIRM, GYM_NAME, GYM_LOCATION, TRAINER_ETR) 
    VALUES (
        (SELECT nvl(max(TRAINER_NO),0)+1 from TB_TRAINER), 37, '파일 경로', 
        'R', '테스트 헬스장', '테스트 헬스장 위치', NULL
    );

INSERT INTO TB_TRAINER(
        TRAINER_NO, MEMBER_NO, TRAINER_FILE, 
        TRAINER_CONFIRM, GYM_NAME, GYM_LOCATION, TRAINER_ETR) 
    VALUES (
        (SELECT nvl(max(TRAINER_NO),0)+1 from TB_TRAINER), 38, '파일 경로', 
        'R', '테스트 헬스장', '테스트 헬스장 위치', NULL
    );
    
INSERT INTO TB_TRAINER(
        TRAINER_NO, MEMBER_NO, TRAINER_FILE, 
        TRAINER_CONFIRM, GYM_NAME, GYM_LOCATION, TRAINER_ETR) 
    VALUES (
        (SELECT nvl(max(TRAINER_NO),0)+1 from TB_TRAINER), 39, '파일 경로', 
        'R', '테스트 헬스장', '테스트 헬스장 위치', NULL
    );

INSERT INTO TB_TRAINER(
        TRAINER_NO, MEMBER_NO, TRAINER_FILE, 
        TRAINER_CONFIRM, GYM_NAME, GYM_LOCATION, TRAINER_ETR) 
    VALUES (
        (SELECT nvl(max(TRAINER_NO),0)+1 from TB_TRAINER), 40, '파일 경로', 
        'R', '테스트 헬스장', '테스트 헬스장 위치', NULL
    );
commit;
-- 블랙리스트
INSERT INTO TB_BLACKLIST (
        BLACK_LIST_NO, TRAINER_NO, 
        MEMBER_NO, BLACKLIST_DATE
    ) 
    VALUES (
        (SELECT nvl(max(BLACK_LIST_NO),0)+1 from TB_BLACKLIST), 1,
        12, DEFAULT
    );

INSERT INTO TB_BLACKLIST (
        BLACK_LIST_NO, TRAINER_NO, 
        MEMBER_NO, BLACKLIST_DATE
    ) 
    VALUES (
        (SELECT nvl(max(BLACK_LIST_NO),0)+1 from TB_BLACKLIST), 2,
        13, DEFAULT
    );

commit;




















































































































































































































































































































































